package	package_name	namespace	prefixes	app_code	vdl_id
A1BF Response Time	A1BF RESPONSE TIME	A1BF	A1BF	A1BF	
A4AR Registration	A4AR REGISTRATION	A4AR	A4AR	A4AR	
Accounts Receivable	ACCOUNTS RECEIVABLE	PRCA	PRCA,PRY,RC	PRCA	29
Advanced Medication Platform	ADVANCED MEDICATION PLATFORM	PREA	PREA	PREA	237
Adverse Reaction Tracking	ADVERSE REACTION TRACKING	GMRA	GMRA,GMA	GMRA	57
Albany OIFO	ALBANY OIFO	A1	A1,!A1AX,!A1BF,!A1BM,!A1AE,!A1B2,!A1VS	A1	
Asists	ASISTS	OOPS	OOPS	OOPS	56
Authorization Subscription	AUTHORIZATION/SUBSCRIPTION	USR	USR	USR	58
Auto Replenishment Ward Stock	AUTO REPLENISHMENT/WARD STOCK	PSGW	PSGW	PSGW	83
Automated Information Collection System	AUTOMATED INFO COLLECTION SYS	IBD	IBD	IBD	30
Automated Lab Instruments	AUTOMATED LAB INSTRUMENTS	LA	LA	LA	71
Automated Medical Information Exchange	AUTOMATED MED INFO EXCHANGE	DVBA	DVBA,DVBC	DVBA	31
Barcode Medication Administration	BAR CODE MED ADMIN	PSB	PSB,ALPB	PSB	84
Beneficiary Travel	BENEFICIARY TRAVEL	DGBT	DGBT	DGBT	123
Birmingham CIOFO	BIRMINGHAM CIOFO	A3	A3	A3	
CMOP	CMOP	PSX	PSX	PSX	85
CORBA Services	CORBA SERVICES	OMG	OMG	OMG	
CPT HCPCS Codes	CPT/HCPCS CODES	ICPT	ICPT,DGYA	ICPT	33
CW GUIMAIL	CW GUIMAIL	CWMA	CWMA	CWMA	
Capacity Management	CAPACITY MANAGEMENT	KMP	KMP,A1B5	KMP	129
Care Management	CARE MANAGEMENT	ORRC	ORRC	ORRC	138
Clinical Case Registries	CLINICAL CASE REGISTRIES	ROR	ROR,IMR	ROR	126
Clinical Information Resource Network	CLINICAL INFO RESOURCE NETWORK	RG	RG,MRF,!RGED,!RGUT,!RGWB	RG	16
Clinical Monitoring System	CLINICAL MONITORING SYSTEM	QAM	QAM	QAM	32
Clinical Procedures	CLINICAL PROCEDURES	MD	MD	MD	139
Clinical Reminders	CLINICAL REMINDERS	PXRM	PXRM	PXRM	60
Consult Request Tracking	CONSULT/REQUEST TRACKING	GMRC	GMRC,GMRS,GMRT	GMRC	62
Controlled Substances	CONTROLLED SUBSTANCES	PSD	PSD	PSD	86
Credentials Tracking	CREDENTIALS TRACKING	QAR	QAR	QAR	
DRG Grouper	DRG GROUPER	ICD	ICD,IC,!ICPT	ICD	36
DSS Extracts	DSS EXTRACTS	ECX	ECX	ECX	35
Dental	DENTAL	DENT	DENT,DENB,DENC	DENT	66
Dietetics	DIETETICS	FH	FH	FH	67
Drug Accountability	DRUG ACCOUNTABILITY	PSA	PSA	PSA	87
E Claims Management Engine	E CLAIMS MGMT ENGINE	BPS	BPS	BPS	141
EEO Complaint Tracking	EEO COMPLAINT TRACKING	EEO	EEO	EEO	
Electronic Health Modernization	ELECTRONIC HEALTH MODERNIZATION	EHM	EHM	EHM	439
Electronic Signature	ELECTRONIC SIGNATURE	XOBE	XOBE	XOBE	171
Emergency Department Integration Software	EMERGENCY DEPARTMENT INTEGRATION SOFTWARE	EDP	EDP	EDP	179
Engineering	ENGINEERING	EN	EN	EN	37
Enrollment Application System	ENROLLMENT APPLICATION SYSTEM	EAS	EAS	EAS	121
Enterprise Health Management Platform	ENTERPRISE HEALTH MANAGEMENT PLATFORM	HMP	HMP	HMP	
Enterprise Support Solution	ENTERPRISE SUPPORT SOLUTION	FSES	FSES	FSES	
Enterprise Terminology Services	ENTERPRISE TERMINOLOGY SERVICES	ETS	ETS	ETS	
Equipment Turn-In Request	EQUIPMENT/TURN-IN REQUIEST	PRCN	PRCN	PRCN	113
Event Capture	EVENT CAPTURE	EC	EC,!ECT,!ECX	EC	39
Event Driven Reporting	EVENT DRIVEN REPORTING	EDR	EDR	EDR	
Ext Rev Track	EXT REV TRACK	A1AX	A1AX	A1AX	
Fee Basis	FEE BASIS	FB	FB	FB	40
Foundations	FOUNDATIONS	XOBU	XOBU	XOBU	163
Functional Independence	FUNCTIONAL INDEPENDENCE	RMIM	RMIM	RMIM	134
General Medical Record - Generator	GEN. MED. REC. - GENERATOR	GMRG	GMRG	GMRG	
General Medical Record - IO	GEN. MED. REC. - I/O	GMRY	GMRY,GMRD	GMRY	70
General Medical Record - Vitals	GEN. MED. REC. - VITALS	GMRV	GMRV,GMV	GMRV	107
Generic Code Sheet	GENERIC CODE SHEET	GEC	GEC	GEC	7
Graphics	GRAPHICS	GR	GR	GR	
HINQ	HINQ	DVB	DVB,!DVBA,!DVBC,!DVBE	DVB	41
Health Data and Informatics	HEALTH DATA & INFORMATICS	HDI	HDI	HDI	148
Health Level Seven	HEALTH LEVEL SEVEN	HL	HL	HL	8
Health Summary	HEALTH SUMMARY	GMTS	GMTS	GMTS	63
HealtheVet Desktop	HEALTHEVET DESKTOP	XHD	XHD	XHD	138
Hines OIFO	HINES OIFO	A4	A4,!A4AR	A4	
Hospital Based Home Care	HOSPITAL BASED HOME CARE	HBH	HBH	HBH	68
Houston VAMC	HOUSTON VAMC	AJJ	AJJ,AJK	AJJ	
IFCAP	IFCAP	PRC	PRC,PRX,!PRCA,!PRCN	PRC	42
Imaging	IMAGING	MAG	MAG,ZMAG	MAG	105
Incident Reporting	INCIDENT REPORTING	QAN	QAN	QAN	43
Income Verification Match	INCOME VERIFICATION MATCH	IVM	IVM	IVM	44
Incomplete Records Tracking	INCOMPLETE RECORDS TRACKING	DGJ	DGJ	DGJ	124
Inpatient Medications	INPATIENT MEDICATIONS	PSJ	PSJ,PSIV,PSG,!PSGW	PSJ	88
Insurance Capture Buffer	INSURANCE CAPTURE BUFFER	DSIV	DSIV	DSIV	
Integrated Billing	INTEGRATED BILLING	IB	IB,PRQ,!IBD,!IBQ,!PRQS	IB	45
Integrated Patient Fund	INTEGRATED PATIENT FUNDS	PRPF	PRPF,!PRCA,!PRY,!PRC,!PRX,!PRQS,PFXI	PRPF	46
Interim Management Support	INTERIM MANAGEMENT SUPPORT	ECT	ECT	ECT	
Joint Legacy Viewer	JOINT LEGACY VIEWER	JLV	JLV	JLV	
Kernel	KERNEL	XU	XU,A4A7,USC,XG,XIP,XLF,XNOA,XPD,XQ,XVIR,ZI,ZOSF,ZOSV,ZT,ZU,%Z,!XQAB,!XUCS,!XUR,!ZIN,!ZTED	XU	10
Lab Service	LAB SERVICE	LR	LR,LS	LR	71
Lexicon Utility	LEXICON UTILITY	LEX	LEX,GMP,!GMPL	LEX	76
Library	LIBRARY	LBR	LBR,LBRS	LBR	47
Lighthouse	LIGHTHOUSE	LHS	LHS	LHS	240
List Manager	LIST MANAGER	VALM	VALM	VALM	14
M XML Parser	M XML PARSER	MXML	MXML	MXML	137
MASH Utilities	MASH UTILITIES	ut	ut,%ut,ZZUT	ut	
MCCR Backbilling	MCCR BACKBILLING	A1BM	A1BM	A1BM	
MailMan	MAILMAN	XM	XM	XM	15
Master Patient Index VistA	MASTER PATIENT INDEX VISTA	MPIF	MPIF,MPIP	MPIF	16
Medical Health E-Screening	MEDICAL HEALTH ESCREENING	MHE	MHE	MHE	
Medicine	MEDICINE	MC	MC	MC	77
Mental Health	MENTAL HEALTH	YS	YS,RUCL,YI,YT	YS	78
Methicillin Resistant Staph Aurerus Initiative Reports	MRSA INITIATIVE REPORTS	MMRS	MMRS	MMRS	189
Micom	MICOM	CUAA	CUAA	CUAA	
Mobile Mental Health Program	MOBILE MENTAL HEALTH PROGRAM	MBAD	MBAD	MBAD	78
Mobile Scheduling Applications Suite	MOBILE SCHEDULING APPLICATIONS SUITE	MBAA	MBAA	MBAA	220
My HealtheVet	MY HEALTHEVET	MHV	MHV,EVET	MHV	153
NDBI	NDBI	A7R	A7R	A7R	
National Drug File	NATIONAL DRUG FILE	PSN	PSN	PSN	89
National Health Information Network	NATIONAL HEALTH INFORMATION NETWORK	NHIN	NHIN	NHIN	195
National Laboratory Test	NATIONAL LABORATORY TEST	NLT	NLT	NLT	119
National Online Information Sharing	NATIONAL ONLINE INFORMATION SHARING	FSC	FSC	FSC	18
National VistA Support	NATIONAL VISTA SUPPORT	NVS	NVS	NVS	
Network Health Exchange	NETWORK HEALTH EXCHANGE	AFJX	AFJX	AFJX	79
New Mexico HCS	NEW MEXICO HCS	ABM	ABM	ABM	
Nursing Service	NURSING SERVICE	NUR	NUR	NUR	80
ODS	ODS	A1B2	A1B2	A1B2	
Occurrence Screen	OCCURRENCE SCREEN	QAO	QAO	QAO	49
Old DMMS	OLD DMMS	PRM	PRM	PRM	
Oncology	ONCOLOGY	ONC	ONC	ONC	81
Order Entry Results Reporting	ORDER ENTRY/RESULTS REPORTING	OR	OR,OCX,!ORRC,!ORRJ	OR	61
Outpatient Pharmacy	OUTPATIENT PHARMACY	PSO	PSO,APSP,PSIN,PSR	PSO	90
PAID	PAID	PRS	PRS	PRS	51
PCE Patient Care Encounter	PCE PATIENT CARE ENCOUNTER	PX	PX,EFDP,VSIT,AUPN,AUPN,AUTN,AUTT,!PXRM	PX	82
Palo Alto HCS	PALO ALTO HCS	AOV	AOV	AOV	
Patient Assessment Documentation	PATIENT ASSESSMENT DOCUMENTATION	NUPA	NUPA	NUPA	193
Patient Data Exchange	PATIENT DATA EXCHANGE	VAQ	VAQ	VAQ	22
Patient Representative	PATIENT REPRESENTATIVE	QAC	QAC	QAC	50
Pharmacy Benefits Management	PHARMACY BENEFITS MANAGEMENT	PSU	PSU	PSU	91
Pharmacy Data Management	PHARMACY DATA MANAGEMENT	PSS	PSS	PSS	93
Pharmacy Prescription Practice	PHARMACY PRESCRIPTION PRACTICE	PPP	PPP	PPP	94
Phoenix VAMC	PHOENIX VAMC	APG	APG	APG	
Police and Security	POLICE & SECURITY	ES	ES	ES	52
Problem List	PROBLEM LIST	GMPL	GMPL	GMPL	64
Progress Notes	PROGRESS NOTES	GMN	GMN	GMN	
Prosthetics	PROSTHETICS	RMPR	RMPR,RMPO,RMPS	RMPR	96
Providence VAMC	PROVIDENCE VAMC	AQA	AQA	AQA	
Quality Assurance Integration	QUALITY ASSURANCE INTEGRATION	QAQ	QAQ	QAQ	117
Quasar	QUASAR	ACKQ	ACKQ	ACKQ	97
RPC Broker	RPC BROKER	XWB	XWB	XWB	23
Radiology Nuclear Medicine	RADIOLOGY/NUCLEAR MEDICINE	RA	RA	RA	98
Real Time Location System	REAL TIME LOCATION SYSTEM	VIAA	VIAA	VIAA	
Record Tracking	RECORD TRACKING	RT	RT	RT	53
Registration	REGISTRATION	DG	DG,DGQE,DPT,VA,VIC,!DGBT,!DGJ,!DGYA,!VALM	DG	55
Release Of Information	RELEASE OF INFORMATION	DSIR	DSIR	DSIR	
Remote Order Entry System	REMOTE ORDER/ENTRY SYSTEM	RMPF	RMPF,RMPJ,RMPC,RMPG	RMPF	99
Richmond VAMC	RICHMOND VAMC	AQD	AQD	AQD	
Run Time Library	RUN TIME LIBRARY	RGUT	RGUT	RGUT	
Salt Lake OIFO	SALT LAKE OIFO	A5	A5	A5	
Scheduling	SCHEDULING	SD	SD,SC	SD	100
Screen Handler for Fileman	SCREEN HANDLER FOR FILEMAN	DJ	DJ	DJ	
Shift Handoff Tool	SHIFT HANDOFF TOOL	CRHD	CRHD	CRHD	175
Silver Sprint OIFO Applications	SILVER SPRING OIFO	A2	A2	A2	
Social Work	SOCIAL WORK	SOW	SOW,SWBH,SWFG	SOW	101
Spinal Cord Dysfunction	SPINAL CORD DYSFUNCTION	SPN	SPN	SPN	102
Suicide Hotline	SUICIDE HOTLINE	SH	SH	SH	
Surgery	SURGERY	SR	SR	SR	103
Survey Generator	SURVEY GENERATOR	QAP	QAP	QAP	27
Text Integration Utility	TEXT INTEGRATION UTILITIES	TIU	TIU,GMRP	TIU	65
Toolkit	TOOLKIT	XT	XT,AWCM,XD,XIN,XPAR,XQAB,XUCS,XUR,ZIN,ZTED,RD	XT	12
Uncategorized					
Utilization Management Rollup	UTILIZATION MANAGEMENT ROLLUP	IBQ	IBQ	IBQ	
Utilization Review	UTILIZATION REVIEW	PRMQ	PRMQ	PRMQ	
VA Certified Components - DSSI	VA CERTIFIED COMPONENTS - DSSI	DSIC	DSIC	DSIC	
VA FileMan	VA FILEMAN	DI	DI,DD,DM	DI	5
VA Point of Service	VA POINT OF SERVICE	VPS	VPS	VPS	
VBECS	VBECS	VBEC	VBEC	VBEC	182
VDEF	VDEF	VDEF	VDEF	VDEF	144
VPE Shell	VPE SHELL	VEEM	VEEM,ZVEM,XV	VEEM	
Vendor - Audiofax Inc	VENDOR - AUDIOFAX INC.	VEX	VEX	VEX	
Vendor - Document Storage Systems	VENDOR - DOCUMENT STORAGE SYS	VEJD	VEJD	VEJD	
Vendor - ISI	VENDOR - ISI	ISI	ISI	ISI	
Vendor - Pioneer	VENDOR - PIONEER	VEC	VEC,VEGK	VEC	
Veterans Data Integration and Federation	VETERANS DATA INTEGRATION AND FEDERATION	VDI	VDI	VDI	
Virtual Patient Record	VIRTUAL PATIENT RECORD	VPR	VPR	VPR	197
VistA Integration Adapter	VISTA INTEGRATION ADAPTER	VIAB	VIAB	VIAB	
VistA Web	VISTA WEB	WEBV	WEBV	WEBV	147
VistALink	VISTALINK	XOBV	XOBV	XOBV	163
VistALink Security	VISTALINK SECURITY	XOBS	XOBS	XOBS	163
Visual Impairment Service Team	VISUAL IMPAIRMENT SERVICE TEAM	ANRV	ANRV	ANRV	164
Voluntary Timekeeping	VOLUNTARY TIMEKEEPING	ABSV	ABSV	ABSV	135
WEBVRAM	WEBVRAM	WEBG	WEBG	WEBG	
Washington VAMC	WASHINGTON VAMC	ATS	ATS,ATT	ATS	
Web Services Client	WEB SERVICES CLIENT	XOBW	XOBW	XOBW	180
West Palm Beach VAMC	WEST PALM BEACH VAMC	AXA	AXA	AXA	
Womens Health	WOMEN'S HEALTH	WV	WV	WV	109
Wounded Injured and Ill Warriors	WOUNDED INJURED & ILL WARRIORS	WII	WII	WII	178
